experiment_desc,fold,data_type,window_length,epochs,batch_size,dropout,learning_rate,trait,test_loss,test_accuracy,test_precision,test_recall,test_f1,test_kappa
"EEGNet-8,2_Agreeableness_bpscaled-1,45Hz",1,bpscaled,3,100,256,0.1,0.0001,Agreeableness,0.3954064846038818,0.8570815324783325,0.8308535630383712,0.900679117147708,0.8643584521384929,0.713856121507425
"EEGNet-8,2_Agreeableness_bpscaled-1,45Hz",2,bpscaled,3,100,256,0.1,0.0001,Agreeableness,0.4006915390491485,0.8746781349182129,0.8704013377926422,0.8837011884550084,0.8770008424599831,0.7492817775655171
"EEGNet-8,2_Agreeableness_bpscaled-1,45Hz",3,bpscaled,3,100,256,0.1,0.0001,Agreeableness,0.3989846110343933,0.8592274785041809,0.8449675324675324,0.8837011884550084,0.8639004149377593,0.7182741378725613
"EEGNet-8,2_Agreeableness_bpscaled-1,45Hz",4,bpscaled,3,100,256,0.1,0.0001,Agreeableness,0.4249484539031982,0.8424892425537109,0.8376353039134055,0.8539898132427843,0.8457335014712064,0.6848698772145638
"EEGNet-8,2_Agreeableness_bpscaled-1,45Hz",5,bpscaled,3,100,256,0.1,0.0001,Agreeableness,0.4349652826786041,0.8334764242172241,0.8221859706362153,0.8556876061120543,0.8386023294509152,0.666758082970617
"EEGNet-8,2_Agreeableness_bpscaled-1,45Hz",avg,bpscaled,3,100,256,0.1,0.0001,Agreeableness,0.4109992742538452,0.8533905625343323,0.8412087415696332,0.8755517826825127,0.8579191080916713,0.7066079994261368
